instant,dteday,season,yr,mnth,hr,holiday,weekday,weathersit,temp,Unnamed: 0,atemp,hum,windspeed,casual,registered,cnt,Date,Date_Integer
1,01-01-2011,1,0,1,0,False,6,1,0.24,0,0.2879,0.81,0.0,3,13,16,2011-01-01,1012011
2,01-01-2011,1,0,1,1,False,6,1,0.22,1,0.2727,0.8,0.0,8,32,40,2011-01-01,1012011
3,01-01-2011,1,0,1,2,False,6,1,0.22,2,0.2727,0.8,0.0,5,27,32,2011-01-01,1012011
4,01-01-2011,1,0,1,3,False,6,1,0.24,3,0.2879,0.75,0.0,3,10,13,2011-01-01,1012011
5,01-01-2011,1,0,1,4,False,6,1,0.24,4,0.2879,0.75,0.0,0,1,1,2011-01-01,1012011
6,01-01-2011,1,0,1,5,False,6,2,0.24,5,0.2576,0.75,0.0896,0,1,1,2011-01-01,1012011
7,01-01-2011,1,0,1,6,False,6,1,0.22,6,0.2727,0.8,0.0,2,0,2,2011-01-01,1012011
8,01-01-2011,1,0,1,7,False,6,1,0.2,7,0.2576,0.86,0.0,1,2,3,2011-01-01,1012011
9,01-01-2011,1,0,1,8,False,6,1,0.24,8,,0.75,0.0,1,7,8,2011-01-01,1012011
10,01-01-2011,1,0,1,9,False,6,1,0.32,9,0.3485,0.76,0.0,8,6,14,2011-01-01,1012011
11,01-01-2011,1,0,1,10,False,6,1,0.38,10,0.3939,0.76,0.2537,12,24,36,2011-01-01,1012011
12,01-01-2011,1,0,1,11,False,6,1,0.36,11,0.3333,0.81,0.2836,26,30,56,2011-01-01,1012011
13,01-01-2011,1,0,1,12,False,6,1,0.42,12,0.4242,0.77,0.2836,29,55,84,2011-01-01,1012011
14,01-01-2011,1,0,1,13,False,6,2,0.46,13,0.4545,0.72,0.2985,47,47,94,2011-01-01,1012011
15,01-01-2011,1,0,1,14,False,6,2,0.46,14,0.4545,0.72,0.2836,35,71,106,2011-01-01,1012011
16,01-01-2011,1,0,1,15,False,6,2,0.44,15,0.4394,0.77,0.2985,40,70,110,2011-01-01,1012011
17,01-01-2011,1,0,1,16,False,6,2,0.42,16,0.4242,0.82,0.2985,41,52,93,2011-01-01,1012011
18,01-01-2011,1,0,1,17,False,6,2,0.44,17,,0.82,0.2836,15,52,67,2011-01-01,1012011
19,01-01-2011,1,0,1,18,False,6,3,0.42,18,0.4242,0.88,0.2537,9,26,35,2011-01-01,1012011
20,01-01-2011,1,0,1,19,False,6,3,0.42,19,0.4242,0.88,0.2537,6,31,37,2011-01-01,1012011
21,01-01-2011,1,0,1,20,False,6,2,0.4,20,0.4091,0.87,0.2537,11,25,36,2011-01-01,1012011
22,01-01-2011,1,0,1,21,False,6,2,0.4,21,0.4091,0.87,0.194,3,31,34,2011-01-01,1012011
23,01-01-2011,1,0,1,22,False,6,2,0.4,22,0.4091,0.94,0.2239,11,17,28,2011-01-01,1012011
24,01-01-2011,1,0,1,23,False,6,2,0.46,23,,0.88,0.2985,15,24,39,2011-01-01,1012011
25,02-01-2011,1,0,1,0,False,0,2,0.46,24,0.4545,0.88,0.2985,4,13,17,2011-01-02,2012011
26,02-01-2011,1,0,1,1,False,0,2,0.44,25,0.4394,0.94,0.2537,1,16,17,2011-01-02,2012011
27,02-01-2011,1,0,1,2,False,0,2,0.42,26,0.4242,1.0,0.2836,1,8,9,2011-01-02,2012011
28,02-01-2011,1,0,1,3,False,0,2,0.46,27,0.4545,0.94,0.194,2,4,6,2011-01-02,2012011
29,02-01-2011,1,0,1,4,False,0,2,0.46,28,,0.94,0.194,2,1,3,2011-01-02,2012011
30,02-01-2011,1,0,1,6,False,0,3,0.42,29,0.4242,0.77,0.2985,0,2,2,2011-01-02,2012011
31,02-01-2011,1,0,1,7,False,0,2,0.4,30,0.4091,0.76,0.194,0,1,1,2011-01-02,2012011
32,02-01-2011,1,0,1,8,False,0,3,0.4,31,0.4091,0.71,0.2239,0,8,8,2011-01-02,2012011
33,02-01-2011,1,0,1,9,False,0,2,0.38,32,,0.76,0.2239,1,19,20,2011-01-02,2012011
34,02-01-2011,1,0,1,10,False,0,2,0.36,33,0.3485,0.81,0.2239,7,46,53,2011-01-02,2012011
35,02-01-2011,1,0,1,11,False,0,2,0.36,34,0.3333,0.71,0.2537,16,54,70,2011-01-02,2012011
36,02-01-2011,1,0,1,12,False,0,2,0.36,35,0.3333,0.66,0.2985,20,73,93,2011-01-02,2012011
37,02-01-2011,1,0,1,13,False,0,2,0.36,36,0.3485,0.66,0.1343,11,64,75,2011-01-02,2012011
38,02-01-2011,1,0,1,14,False,0,3,0.36,37,,0.76,0.194,4,55,59,2011-01-02,2012011
39,02-01-2011,1,0,1,15,False,0,3,0.34,38,0.3333,0.81,0.1642,19,55,74,2011-01-02,2012011
40,02-01-2011,1,0,1,16,False,0,3,0.34,39,0.3333,0.71,0.1642,9,67,76,2011-01-02,2012011
41,02-01-2011,1,0,1,17,False,0,1,0.34,40,0.3333,0.57,0.194,7,58,65,2011-01-02,2012011
42,02-01-2011,1,0,1,18,False,0,2,0.36,41,0.3333,0.46,0.3284,10,43,53,2011-01-02,2012011
43,02-01-2011,1,0,1,19,False,0,1,0.32,42,0.2879,0.42,0.4478,1,29,30,2011-01-02,2012011
44,02-01-2011,1,0,1,20,False,0,1,0.3,43,,0.39,0.3582,5,17,22,2011-01-02,2012011
45,02-01-2011,1,0,1,21,False,0,1,0.26,44,0.2273,0.44,0.3284,11,20,31,2011-01-02,2012011
46,02-01-2011,1,0,1,22,False,0,1,0.24,45,0.2121,0.44,0.2985,0,9,9,2011-01-02,2012011
47,02-01-2011,1,0,1,23,False,0,1,0.22,46,0.2273,0.47,0.1642,0,8,8,2011-01-02,2012011
48,03-01-2011,1,0,1,0,False,1,1,0.22,47,0.197,0.44,0.3582,0,5,5,2011-01-03,3012011
49,03-01-2011,1,0,1,1,False,1,1,0.2,48,,0.44,0.4179,0,2,2,2011-01-03,3012011
50,03-01-2011,1,0,1,4,False,1,1,0.16,49,0.1364,0.47,0.3881,0,1,1,2011-01-03,3012011
51,03-01-2011,1,0,1,5,False,1,1,0.16,50,0.1364,0.47,0.2836,0,3,3,2011-01-03,3012011
52,03-01-2011,1,0,1,6,False,1,1,0.14,51,0.1061,0.5,0.3881,0,30,30,2011-01-03,3012011
53,03-01-2011,1,0,1,7,False,1,1,0.14,52,0.1364,0.5,0.194,1,63,64,2011-01-03,3012011
54,03-01-2011,1,0,1,8,False,1,1,0.14,53,0.1212,0.5,0.2836,1,153,154,2011-01-03,3012011
55,03-01-2011,1,0,1,9,False,1,1,0.16,54,0.1364,0.43,0.3881,7,81,88,2011-01-03,3012011
56,03-01-2011,1,0,1,10,False,1,1,0.18,55,0.1667,0.43,0.2537,11,33,44,2011-01-03,3012011
57,03-01-2011,1,0,1,11,False,1,1,0.2,56,0.1818,0.4,0.3284,10,41,51,2011-01-03,3012011
58,03-01-2011,1,0,1,12,False,1,1,0.22,57,0.2121,0.35,0.2985,13,48,61,2011-01-03,3012011
59,03-01-2011,1,0,1,13,False,1,1,0.24,58,,0.35,0.2836,8,53,61,2011-01-03,3012011
60,03-01-2011,1,0,1,14,False,1,1,0.26,59,0.2424,0.3,0.2836,11,66,77,2011-01-03,3012011
61,03-01-2011,1,0,1,15,False,1,1,0.26,60,0.2424,0.3,0.2537,14,58,72,2011-01-03,3012011
62,03-01-2011,1,0,1,16,False,1,1,0.26,61,0.2424,0.3,0.2537,9,67,76,2011-01-03,3012011
63,03-01-2011,1,0,1,17,False,1,1,0.24,62,0.2273,0.3,0.2239,11,146,157,2011-01-03,3012011
64,03-01-2011,1,0,1,18,False,1,1,0.24,63,0.2576,0.32,0.1045,9,148,157,2011-01-03,3012011
65,03-01-2011,1,0,1,19,False,1,1,0.2,64,0.2576,0.47,0.0,8,102,110,2011-01-03,3012011
66,03-01-2011,1,0,1,20,False,1,1,0.2,65,,0.47,0.1045,3,49,52,2011-01-03,3012011
67,03-01-2011,1,0,1,21,False,1,1,0.18,66,0.197,0.64,0.1343,3,49,52,2011-01-03,3012011
68,03-01-2011,1,0,1,22,False,1,1,0.14,67,0.1515,0.69,0.1343,0,20,20,2011-01-03,3012011
69,03-01-2011,1,0,1,23,False,1,1,0.18,68,0.2121,0.55,0.1045,1,11,12,2011-01-03,3012011
70,04-01-2011,1,0,1,0,False,2,1,0.16,69,,0.55,0.1045,0,5,5,2011-01-04,4012011
71,04-01-2011,1,0,1,1,False,2,1,0.16,70,0.1818,0.59,0.1045,0,2,2,2011-01-04,4012011
72,04-01-2011,1,0,1,2,False,2,1,0.14,71,0.1515,0.63,0.1343,0,1,1,2011-01-04,4012011
73,04-01-2011,1,0,1,4,False,2,1,0.14,72,0.1818,0.63,0.0896,0,2,2,2011-01-04,4012011
74,04-01-2011,1,0,1,5,False,2,1,0.12,73,0.1515,0.68,0.1045,0,4,4,2011-01-04,4012011
75,04-01-2011,1,0,1,6,False,2,1,0.12,74,0.1515,0.74,0.1045,0,36,36,2011-01-04,4012011
76,04-01-2011,1,0,1,7,False,2,1,0.12,75,0.1515,0.74,0.1343,2,92,94,2011-01-04,4012011
77,04-01-2011,1,0,1,8,False,2,1,0.14,76,0.1515,0.69,0.1642,2,177,179,2011-01-04,4012011
78,04-01-2011,1,0,1,9,False,2,1,0.16,77,0.1515,0.64,0.2239,2,98,100,2011-01-04,4012011
79,04-01-2011,1,0,1,10,False,2,2,0.16,78,0.1364,0.69,0.3284,5,37,42,2011-01-04,4012011
80,04-01-2011,1,0,1,11,False,2,1,0.22,79,0.2121,0.51,0.2985,7,50,57,2011-01-04,4012011
81,04-01-2011,1,0,1,12,False,2,1,0.22,80,0.2273,0.51,0.1642,12,66,78,2011-01-04,4012011
82,04-01-2011,1,0,1,13,False,2,1,0.24,81,0.2273,0.56,0.194,18,79,97,2011-01-04,4012011
83,04-01-2011,1,0,1,14,False,2,1,0.26,82,0.2576,0.52,0.2239,9,54,63,2011-01-04,4012011
84,04-01-2011,1,0,1,15,False,2,1,0.28,83,0.2727,0.52,0.2537,17,48,65,2011-01-04,4012011
85,04-01-2011,1,0,1,16,False,2,1,0.3,84,0.2879,0.49,0.2537,15,68,83,2011-01-04,4012011
86,04-01-2011,1,0,1,17,False,2,1,0.28,85,0.2727,0.48,0.2239,10,202,212,2011-01-04,4012011
87,04-01-2011,1,0,1,18,False,2,1,0.26,86,0.2576,0.48,0.194,3,179,182,2011-01-04,4012011
88,04-01-2011,1,0,1,19,False,2,1,0.24,87,0.2576,0.48,0.1045,2,110,112,2011-01-04,4012011
89,04-01-2011,1,0,1,20,False,2,1,0.24,88,0.2576,0.48,0.1045,1,53,54,2011-01-04,4012011
90,04-01-2011,1,0,1,21,False,2,1,0.22,89,0.2727,0.64,0.0,0,48,48,2011-01-04,4012011
91,04-01-2011,1,0,1,22,False,2,1,0.22,90,0.2576,0.64,0.0896,1,34,35,2011-01-04,4012011
92,04-01-2011,1,0,1,23,False,2,1,0.2,91,0.2273,0.69,0.0896,2,9,11,2011-01-04,4012011
93,05-01-2011,1,0,1,0,False,3,1,0.2,92,0.2576,0.64,0.0,0,6,6,2011-01-05,5012011
94,05-01-2011,1,0,1,1,False,3,1,0.16,93,0.197,0.74,0.0896,0,6,6,2011-01-05,5012011
95,05-01-2011,1,0,1,2,False,3,1,0.16,94,0.197,0.74,0.0896,0,2,2,2011-01-05,5012011
96,05-01-2011,1,0,1,4,False,3,1,0.24,95,0.2273,0.48,0.2239,0,2,2,2011-01-05,5012011
97,05-01-2011,1,0,1,5,False,3,1,0.22,96,0.2273,0.47,0.1642,0,3,3,2011-01-05,5012011
98,05-01-2011,1,0,1,6,False,3,1,0.2,97,0.197,0.47,0.2239,0,33,33,2011-01-05,5012011
99,05-01-2011,1,0,1,7,False,3,1,0.18,98,0.1818,0.43,0.194,1,87,88,2011-01-05,5012011
100,05-01-2011,1,0,1,8,False,3,1,0.2,99,0.1818,0.4,0.2985,3,192,195,2011-01-05,5012011
101,05-01-2011,1,0,1,9,False,3,1,0.22,100,0.197,0.37,0.3284,6,109,115,2011-01-05,5012011
102,05-01-2011,1,0,1,10,False,3,1,0.22,101,0.197,0.37,0.3284,4,53,57,2011-01-05,5012011
103,05-01-2011,1,0,1,11,False,3,1,0.26,102,0.2273,0.33,0.3284,12,34,46,2011-01-05,5012011
104,05-01-2011,1,0,1,12,False,3,1,0.26,103,0.2273,0.33,0.3284,5,74,79,2011-01-05,5012011
105,05-01-2011,1,0,1,13,False,3,1,0.28,104,0.2576,0.3,0.2985,6,65,71,2011-01-05,5012011
106,05-01-2011,1,0,1,14,False,3,1,0.3,105,0.2879,0.28,0.194,10,52,62,2011-01-05,5012011
107,05-01-2011,1,0,1,15,False,3,1,0.3,106,0.2879,0.28,0.194,7,55,62,2011-01-05,5012011
108,05-01-2011,1,0,1,16,False,3,1,0.3,107,0.3182,0.28,0.0896,4,85,89,2011-01-05,5012011
109,05-01-2011,1,0,1,17,False,3,1,0.24,108,0.2273,0.38,0.194,4,186,190,2011-01-05,5012011
110,05-01-2011,1,0,1,18,False,3,1,0.24,109,0.2424,0.38,0.1343,3,166,169,2011-01-05,5012011
111,05-01-2011,1,0,1,19,False,3,1,0.24,110,0.2576,0.38,0.1045,5,127,132,2011-01-05,5012011
112,05-01-2011,1,0,1,20,False,3,1,0.22,111,0.2273,0.47,0.1642,7,82,89,2011-01-05,5012011
113,05-01-2011,1,0,1,21,False,3,1,0.2,112,0.197,0.51,0.194,3,40,43,2011-01-05,5012011
114,05-01-2011,1,0,1,22,False,3,1,0.18,113,0.197,0.55,0.1343,1,41,42,2011-01-05,5012011
115,05-01-2011,1,0,1,23,False,3,1,0.2,114,0.2576,0.47,0.0,1,18,19,2011-01-05,5012011
116,06-01-2011,1,0,1,0,False,4,1,0.18,115,0.2424,0.55,0.0,0,11,11,2011-01-06,6012011
117,06-01-2011,1,0,1,1,False,4,1,0.16,116,0.2273,0.64,0.0,0,4,4,2011-01-06,6012011
118,06-01-2011,1,0,1,2,False,4,1,0.16,117,0.2273,0.64,0.0,0,2,2,2011-01-06,6012011
119,06-01-2011,1,0,1,4,False,4,2,0.16,118,0.197,0.64,0.0896,0,1,1,2011-01-06,6012011
120,06-01-2011,1,0,1,5,False,4,2,0.14,119,0.1818,0.69,0.0896,0,4,4,2011-01-06,6012011
121,06-01-2011,1,0,1,6,False,4,2,0.14,120,0.1667,0.63,0.1045,0,36,36,2011-01-06,6012011
122,06-01-2011,1,0,1,7,False,4,2,0.16,121,0.2273,0.59,0.0,0,95,95,2011-01-06,6012011
123,06-01-2011,1,0,1,8,False,4,1,0.16,122,0.2273,0.59,0.0,3,216,219,2011-01-06,6012011
124,06-01-2011,1,0,1,9,False,4,2,0.18,123,0.2424,0.51,0.0,6,116,122,2011-01-06,6012011
125,06-01-2011,1,0,1,10,False,4,1,0.2,124,0.2576,0.47,0.0,3,42,45,2011-01-06,6012011
126,06-01-2011,1,0,1,11,False,4,1,0.22,125,0.2576,0.44,0.0896,2,57,59,2011-01-06,6012011
127,06-01-2011,1,0,1,12,False,4,1,0.26,126,0.2879,0.35,0.0,6,78,84,2011-01-06,6012011
128,06-01-2011,1,0,1,13,False,4,1,0.26,127,0.2727,0.35,0.1045,12,55,67,2011-01-06,6012011
129,06-01-2011,1,0,1,14,False,4,1,0.28,128,0.2727,0.36,0.1642,11,59,70,2011-01-06,6012011
130,06-01-2011,1,0,1,15,False,4,1,0.28,129,0.2727,0.36,0.0,8,54,62,2011-01-06,6012011
131,06-01-2011,1,0,1,16,False,4,1,0.26,130,0.2576,0.38,0.1642,12,74,86,2011-01-06,6012011
132,06-01-2011,1,0,1,17,False,4,1,0.22,131,0.2273,0.51,0.1642,9,163,172,2011-01-06,6012011
133,06-01-2011,1,0,1,18,False,4,1,0.22,132,0.2273,0.51,0.1343,5,158,163,2011-01-06,6012011
134,06-01-2011,1,0,1,19,False,4,1,0.22,133,0.2576,0.55,0.0896,3,109,112,2011-01-06,6012011
135,06-01-2011,1,0,1,20,False,4,1,0.2,134,0.2121,0.51,0.1642,3,66,69,2011-01-06,6012011
136,06-01-2011,1,0,1,21,False,4,2,0.22,135,0.2121,0.55,0.2239,0,48,48,2011-01-06,6012011
137,06-01-2011,1,0,1,22,False,4,2,0.22,136,0.2121,0.51,0.2836,1,51,52,2011-01-06,6012011
138,06-01-2011,1,0,1,23,False,4,2,0.2,137,0.197,0.59,0.194,4,19,23,2011-01-06,6012011
139,07-01-2011,1,0,1,0,False,5,2,0.2,138,0.197,0.64,0.194,4,13,17,2011-01-07,7012011
140,07-01-2011,1,0,1,1,False,5,2,0.2,139,0.197,0.69,0.2239,2,5,7,2011-01-07,7012011
141,07-01-2011,1,0,1,2,False,5,2,0.2,140,0.197,0.69,0.2239,0,1,1,2011-01-07,7012011
142,07-01-2011,1,0,1,4,False,5,2,0.2,141,0.2121,0.69,0.1343,0,1,1,2011-01-07,7012011
143,07-01-2011,1,0,1,5,False,5,3,0.22,142,0.2727,0.55,0.0,0,5,5,2011-01-07,7012011
144,07-01-2011,1,0,1,6,False,5,2,0.2,143,0.2576,0.69,0.0,8,26,34,2011-01-07,7012011
145,07-01-2011,1,0,1,7,False,5,1,0.2,144,0.2121,0.69,0.1343,8,76,84,2011-01-07,7012011
146,07-01-2011,1,0,1,8,False,5,1,0.2,145,0.197,0.51,0.2537,20,190,210,2011-01-07,7012011
147,07-01-2011,1,0,1,9,False,5,1,0.2,146,0.1818,0.47,0.2985,9,125,134,2011-01-07,7012011
148,07-01-2011,1,0,1,10,False,5,1,0.22,147,0.197,0.37,0.3284,16,47,63,2011-01-07,7012011
149,07-01-2011,1,0,1,11,False,5,2,0.2,148,0.197,0.4,0.2239,19,48,67,2011-01-07,7012011
150,07-01-2011,1,0,1,12,False,5,2,0.2,149,0.197,0.37,0.2537,9,50,59,2011-01-07,7012011
151,07-01-2011,1,0,1,13,False,5,2,0.2,150,0.1818,0.37,0.2836,9,64,73,2011-01-07,7012011
152,07-01-2011,1,0,1,14,False,5,2,0.2,151,0.197,0.4,0.2537,7,43,50,2011-01-07,7012011
153,07-01-2011,1,0,1,15,False,5,2,0.2,152,0.2121,0.37,0.1642,9,63,72,2011-01-07,7012011
154,07-01-2011,1,0,1,16,False,5,2,0.2,153,0.2121,0.37,0.1642,5,82,87,2011-01-07,7012011
155,07-01-2011,1,0,1,17,False,5,2,0.2,154,0.2576,0.37,0.0,9,178,187,2011-01-07,7012011
156,07-01-2011,1,0,1,18,False,5,1,0.2,155,0.2273,0.4,0.0896,7,116,123,2011-01-07,7012011
157,07-01-2011,1,0,1,19,False,5,1,0.16,156,0.197,0.55,0.0896,3,92,95,2011-01-07,7012011
158,07-01-2011,1,0,1,20,False,5,1,0.18,157,0.2121,0.47,0.1045,1,50,51,2011-01-07,7012011
159,07-01-2011,1,0,1,21,False,5,1,0.18,158,0.197,0.47,0.1343,0,39,39,2011-01-07,7012011
160,07-01-2011,1,0,1,22,False,5,2,0.18,159,0.197,0.43,0.1642,2,34,36,2011-01-07,7012011
161,07-01-2011,1,0,1,23,False,5,2,0.18,160,0.197,0.51,0.1642,1,14,15,2011-01-07,7012011
162,08-01-2011,1,0,1,0,False,6,2,0.18,161,0.197,0.51,0.1642,1,24,25,2011-01-08,8012011
163,08-01-2011,1,0,1,1,False,6,2,0.18,162,0.2121,0.55,0.0896,1,15,16,2011-01-08,8012011
164,08-01-2011,1,0,1,2,False,6,2,0.18,163,0.2424,0.55,0.0,3,13,16,2011-01-08,8012011
165,08-01-2011,1,0,1,3,False,6,3,0.18,164,0.197,0.55,0.1642,0,7,7,2011-01-08,8012011
166,08-01-2011,1,0,1,4,False,6,3,0.18,165,0.197,0.55,0.1642,0,1,1,2011-01-08,8012011
167,08-01-2011,1,0,1,5,False,6,2,0.16,166,0.1667,0.74,0.1642,0,5,5,2011-01-08,8012011
168,08-01-2011,1,0,1,6,False,6,2,0.16,167,0.1667,0.74,0.1642,0,2,2,2011-01-08,8012011
169,08-01-2011,1,0,1,7,False,6,2,0.16,168,0.1818,0.74,0.1045,1,8,9,2011-01-08,8012011
170,08-01-2011,1,0,1,8,False,6,3,0.16,169,0.1818,0.93,0.1045,0,15,15,2011-01-08,8012011
171,08-01-2011,1,0,1,9,False,6,3,0.16,170,0.1818,0.93,0.1045,0,20,20,2011-01-08,8012011
172,08-01-2011,1,0,1,10,False,6,2,0.18,171,0.197,0.8,0.1642,5,56,61,2011-01-08,8012011
173,08-01-2011,1,0,1,11,False,6,2,0.2,172,0.1818,0.69,0.3881,2,60,62,2011-01-08,8012011
174,08-01-2011,1,0,1,12,False,6,2,0.2,173,0.1818,0.59,0.3582,8,90,98,2011-01-08,8012011
175,08-01-2011,1,0,1,13,False,6,1,0.2,174,0.1818,0.44,0.3284,7,95,102,2011-01-08,8012011
176,08-01-2011,1,0,1,14,False,6,1,0.2,175,0.1667,0.32,0.4925,12,83,95,2011-01-08,8012011
177,08-01-2011,1,0,1,15,False,6,1,0.2,176,0.1667,0.32,0.4478,5,69,74,2011-01-08,8012011
178,08-01-2011,1,0,1,16,False,6,1,0.18,177,0.1364,0.29,0.4478,8,68,76,2011-01-08,8012011
179,08-01-2011,1,0,1,17,False,6,1,0.16,178,0.1212,0.37,0.5522,5,64,69,2011-01-08,8012011
180,08-01-2011,1,0,1,18,False,6,1,0.14,179,0.1212,0.39,0.2985,3,52,55,2011-01-08,8012011
181,08-01-2011,1,0,1,19,False,6,1,0.14,180,0.1212,0.36,0.2537,4,26,30,2011-01-08,8012011
182,08-01-2011,1,0,1,20,False,6,1,0.12,181,0.1212,0.36,0.2537,0,28,28,2011-01-08,8012011
183,08-01-2011,1,0,1,21,False,6,1,0.12,182,0.1061,0.39,0.3582,2,35,37,2011-01-08,8012011
184,08-01-2011,1,0,1,22,False,6,1,0.12,183,0.1061,0.36,0.3881,1,33,34,2011-01-08,8012011
185,08-01-2011,1,0,1,23,False,6,1,0.1,184,0.0606,0.39,0.4478,0,22,22,2011-01-08,8012011
186,09-01-2011,1,0,1,0,False,0,1,0.1,185,0.0758,0.42,0.3881,1,24,25,2011-01-09,9012011
187,09-01-2011,1,0,1,1,False,0,1,0.1,186,0.0606,0.42,0.4627,0,12,12,2011-01-09,9012011
188,09-01-2011,1,0,1,2,False,0,1,0.1,187,0.0606,0.46,0.4627,0,11,11,2011-01-09,9012011
189,09-01-2011,1,0,1,3,False,0,1,0.1,188,0.0758,0.46,0.4179,0,4,4,2011-01-09,9012011
190,09-01-2011,1,0,1,4,False,0,1,0.08,189,0.0909,0.53,0.194,0,1,1,2011-01-09,9012011
191,09-01-2011,1,0,1,5,False,0,1,0.08,190,0.0909,0.53,0.194,0,1,1,2011-01-09,9012011
192,09-01-2011,1,0,1,6,False,0,1,0.1,191,0.0909,0.49,0.2836,0,1,1,2011-01-09,9012011
193,09-01-2011,1,0,1,7,False,0,1,0.08,192,0.0909,0.53,0.194,1,5,6,2011-01-09,9012011
194,09-01-2011,1,0,1,8,False,0,1,0.1,193,0.0909,0.49,0.2836,0,10,10,2011-01-09,9012011
195,09-01-2011,1,0,1,9,False,0,1,0.12,194,0.0758,0.46,0.5224,0,19,19,2011-01-09,9012011
196,09-01-2011,1,0,1,10,False,0,1,0.14,195,0.1061,0.43,0.3881,0,49,49,2011-01-09,9012011
197,09-01-2011,1,0,1,11,False,0,1,0.16,196,0.1212,0.4,0.5224,2,47,49,2011-01-09,9012011
198,09-01-2011,1,0,1,12,False,0,1,0.18,197,0.1364,0.37,0.4478,4,79,83,2011-01-09,9012011
199,09-01-2011,1,0,1,13,False,0,1,0.2,198,0.1667,0.34,0.4478,6,69,75,2011-01-09,9012011
200,09-01-2011,1,0,1,14,False,0,1,0.22,199,0.1818,0.32,0.4627,8,64,72,2011-01-09,9012011
201,09-01-2011,1,0,1,15,False,0,1,0.22,200,0.197,0.35,0.3582,5,77,82,2011-01-09,9012011
202,09-01-2011,1,0,1,16,False,0,1,0.2,201,0.1667,0.34,0.4478,13,79,92,2011-01-09,9012011
203,09-01-2011,1,0,1,17,False,0,1,0.18,202,0.1515,0.37,0.3881,3,59,62,2011-01-09,9012011
204,09-01-2011,1,0,1,18,False,0,1,0.16,203,0.1364,0.4,0.3284,4,44,48,2011-01-09,9012011
205,09-01-2011,1,0,1,19,False,0,1,0.16,204,0.1364,0.43,0.3284,1,40,41,2011-01-09,9012011
206,09-01-2011,1,0,1,20,False,0,1,0.14,205,0.1212,0.46,0.2537,0,38,38,2011-01-09,9012011
207,09-01-2011,1,0,1,21,False,0,1,0.14,206,0.1061,0.46,0.4179,1,19,20,2011-01-09,9012011
208,09-01-2011,1,0,1,22,False,0,1,0.14,207,0.1212,0.46,0.2985,5,10,15,2011-01-09,9012011
209,09-01-2011,1,0,1,23,False,0,1,0.12,208,0.1364,0.5,0.194,0,6,6,2011-01-09,9012011
210,10-01-2011,1,0,1,0,False,1,1,0.12,209,0.1212,0.5,0.2836,2,3,5,2011-01-10,10012011
211,10-01-2011,1,0,1,1,False,1,1,0.12,210,0.1212,0.5,0.2836,1,0,1,2011-01-10,10012011
212,10-01-2011,1,0,1,2,False,1,1,0.12,211,0.1212,0.5,0.2239,0,3,3,2011-01-10,10012011
213,10-01-2011,1,0,1,3,False,1,1,0.12,212,0.1212,0.5,0.2239,0,1,1,2011-01-10,10012011
214,10-01-2011,1,0,1,4,False,1,1,0.1,213,0.1212,0.54,0.1343,1,2,3,2011-01-10,10012011
215,10-01-2011,1,0,1,5,False,1,1,0.1,214,0.1061,0.54,0.2537,0,3,3,2011-01-10,10012011
216,10-01-2011,1,0,1,6,False,1,1,0.12,215,0.1212,0.5,0.2836,0,31,31,2011-01-10,10012011
217,10-01-2011,1,0,1,7,False,1,1,0.12,216,0.1212,0.5,0.2239,2,75,77,2011-01-10,10012011
218,10-01-2011,1,0,1,8,False,1,2,0.12,217,0.1212,0.5,0.2836,4,184,188,2011-01-10,10012011
219,10-01-2011,1,0,1,9,False,1,2,0.14,218,0.1212,0.5,0.2537,2,92,94,2011-01-10,10012011
220,10-01-2011,1,0,1,10,False,1,2,0.14,219,0.1212,0.5,0.2985,0,31,31,2011-01-10,10012011
221,10-01-2011,1,0,1,11,False,1,2,0.16,220,0.1364,0.47,0.2836,2,28,30,2011-01-10,10012011
222,10-01-2011,1,0,1,12,False,1,2,0.2,221,0.1818,0.4,0.2836,5,47,52,2011-01-10,10012011
223,10-01-2011,1,0,1,13,False,1,2,0.2,222,0.1818,0.4,0.2836,4,50,54,2011-01-10,10012011
224,10-01-2011,1,0,1,14,False,1,2,0.2,223,0.197,0.4,0.2239,0,47,47,2011-01-10,10012011
225,10-01-2011,1,0,1,15,False,1,2,0.2,224,0.197,0.4,0.2239,2,43,45,2011-01-10,10012011
226,10-01-2011,1,0,1,16,False,1,1,0.2,225,0.2121,0.4,0.1343,4,70,74,2011-01-10,10012011
227,10-01-2011,1,0,1,17,False,1,1,0.2,226,0.2273,0.4,0.1045,4,174,178,2011-01-10,10012011
228,10-01-2011,1,0,1,18,False,1,1,0.2,227,0.197,0.4,0.2239,1,154,155,2011-01-10,10012011
229,10-01-2011,1,0,1,19,False,1,1,0.16,228,0.1667,0.47,0.1642,3,92,95,2011-01-10,10012011
230,10-01-2011,1,0,1,20,False,1,1,0.16,229,0.1667,0.5,0.1642,1,73,74,2011-01-10,10012011
231,10-01-2011,1,0,1,21,False,1,1,0.14,230,0.1364,0.59,0.194,1,37,38,2011-01-10,10012011
232,10-01-2011,1,0,1,22,False,1,1,0.14,231,0.1515,0.59,0.1642,2,22,24,2011-01-10,10012011
233,10-01-2011,1,0,1,23,False,1,1,0.14,232,0.1515,0.59,0.1642,0,18,18,2011-01-10,10012011
234,11-01-2011,1,0,1,0,False,2,1,0.14,233,0.1667,0.59,0.1045,2,10,12,2011-01-11,11012011
235,11-01-2011,1,0,1,1,False,2,1,0.14,234,0.1515,0.59,0.1642,0,3,3,2011-01-11,11012011
236,11-01-2011,1,0,1,2,False,2,2,0.16,235,0.1515,0.55,0.194,0,3,3,2011-01-11,11012011
237,11-01-2011,1,0,1,5,False,2,2,0.16,236,0.1818,0.55,0.1343,0,6,6,2011-01-11,11012011
238,11-01-2011,1,0,1,6,False,2,2,0.16,237,0.1818,0.55,0.1343,0,27,27,2011-01-11,11012011
239,11-01-2011,1,0,1,7,False,2,2,0.16,238,0.2273,0.55,0.0,2,97,99,2011-01-11,11012011
240,11-01-2011,1,0,1,8,False,2,2,0.18,239,0.2121,0.51,0.0896,3,214,217,2011-01-11,11012011
241,11-01-2011,1,0,1,9,False,2,2,0.18,240,0.197,0.51,0.1642,3,127,130,2011-01-11,11012011
242,11-01-2011,1,0,1,10,False,2,2,0.2,241,0.2121,0.51,0.1642,3,51,54,2011-01-11,11012011
243,11-01-2011,1,0,1,11,False,2,2,0.2,242,0.2121,0.47,0.1343,4,31,35,2011-01-11,11012011
244,11-01-2011,1,0,1,12,False,2,2,0.2,243,0.2273,0.51,0.1045,2,55,57,2011-01-11,11012011
245,11-01-2011,1,0,1,13,False,2,2,0.2,244,0.2273,0.59,0.0896,6,46,52,2011-01-11,11012011
246,11-01-2011,1,0,1,14,False,2,2,0.2,245,0.2273,0.59,0.0896,3,60,63,2011-01-11,11012011
247,11-01-2011,1,0,1,15,False,2,2,0.16,246,0.197,0.8,0.0896,2,45,47,2011-01-11,11012011
248,11-01-2011,1,0,1,16,False,2,2,0.16,247,0.1515,0.86,0.2239,4,72,76,2011-01-11,11012011
249,11-01-2011,1,0,1,17,False,2,2,0.16,248,0.1515,0.86,0.2239,6,130,136,2011-01-11,11012011
250,11-01-2011,1,0,1,18,False,2,3,0.16,249,0.1818,0.93,0.1045,1,94,95,2011-01-11,11012011
251,11-01-2011,1,0,1,19,False,2,3,0.16,250,0.2273,0.93,0.0,0,51,51,2011-01-11,11012011
252,11-01-2011,1,0,1,20,False,2,3,0.16,251,0.1515,0.93,0.194,0,32,32,2011-01-11,11012011
253,11-01-2011,1,0,1,21,False,2,3,0.16,252,0.197,0.86,0.0896,0,20,20,2011-01-11,11012011
254,11-01-2011,1,0,1,22,False,2,3,0.16,253,0.1818,0.93,0.1045,1,28,29,2011-01-11,11012011
255,11-01-2011,1,0,1,23,False,2,3,0.16,254,0.197,0.93,0.0896,1,18,19,2011-01-11,11012011
256,12-01-2011,1,0,1,0,False,3,2,0.16,255,0.197,0.86,0.0896,0,7,7,2011-01-12,12012011
257,12-01-2011,1,0,1,1,False,3,2,0.16,256,0.1818,0.86,0.1045,0,6,6,2011-01-12,12012011
258,12-01-2011,1,0,1,2,False,3,1,0.14,257,0.1515,0.86,0.1343,0,1,1,2011-01-12,12012011
259,12-01-2011,1,0,1,5,False,3,1,0.14,258,0.1515,0.86,0.1642,0,5,5,2011-01-12,12012011
260,12-01-2011,1,0,1,6,False,3,1,0.12,259,0.1515,0.93,0.1343,0,16,16,2011-01-12,12012011
261,12-01-2011,1,0,1,7,False,3,1,0.14,260,0.1515,0.69,0.1343,0,54,54,2011-01-12,12012011
262,12-01-2011,1,0,1,8,False,3,1,0.16,261,0.1667,0.59,0.1642,3,125,128,2011-01-12,12012011
263,12-01-2011,1,0,1,9,False,3,1,0.16,262,0.1364,0.59,0.3284,3,78,81,2011-01-12,12012011
264,12-01-2011,1,0,1,10,False,3,1,0.18,263,0.1818,0.55,0.2239,0,39,39,2011-01-12,12012011
265,12-01-2011,1,0,1,11,False,3,1,0.2,264,0.1818,0.51,0.3881,3,32,35,2011-01-12,12012011
266,12-01-2011,1,0,1,12,False,3,1,0.2,265,0.1515,0.47,0.5821,3,52,55,2011-01-12,12012011
267,12-01-2011,1,0,1,13,False,3,1,0.22,266,0.197,0.44,0.3582,0,49,49,2011-01-12,12012011
268,12-01-2011,1,0,1,14,False,3,1,0.2,267,0.1818,0.47,0.3284,0,44,44,2011-01-12,12012011
269,12-01-2011,1,0,1,15,False,3,1,0.2,268,0.1667,0.47,0.4179,1,48,49,2011-01-12,12012011
270,12-01-2011,1,0,1,16,False,3,1,0.22,269,0.197,0.44,0.3284,5,63,68,2011-01-12,12012011
271,12-01-2011,1,0,1,17,False,3,1,0.2,270,0.1818,0.47,0.3582,0,139,139,2011-01-12,12012011
272,12-01-2011,1,0,1,18,False,3,1,0.2,271,0.1515,0.47,0.5224,2,135,137,2011-01-12,12012011
273,12-01-2011,1,0,1,19,False,3,1,0.18,272,0.1515,0.47,0.4179,1,82,83,2011-01-12,12012011
274,12-01-2011,1,0,1,20,False,3,1,0.16,273,0.1364,0.5,0.3284,2,54,56,2011-01-12,12012011
275,12-01-2011,1,0,1,21,False,3,1,0.16,274,0.1364,0.55,0.3284,0,57,57,2011-01-12,12012011
276,12-01-2011,1,0,1,22,False,3,1,0.16,275,0.1212,0.55,0.4478,1,32,33,2011-01-12,12012011
277,12-01-2011,1,0,1,23,False,3,1,0.14,276,0.1061,0.59,0.4179,1,19,20,2011-01-12,12012011
278,13-01-2011,1,0,1,0,False,4,1,0.14,277,0.1212,0.59,0.2836,1,6,7,2011-01-13,13012011
279,13-01-2011,1,0,1,1,False,4,1,0.14,278,0.1212,0.5,0.2836,0,2,2,2011-01-13,13012011
280,13-01-2011,1,0,1,2,False,4,1,0.14,279,0.1212,0.5,0.3582,0,2,2,2011-01-13,13012011
281,13-01-2011,1,0,1,3,False,4,1,0.14,280,0.1212,0.5,0.3284,0,3,3,2011-01-13,13012011
282,13-01-2011,1,0,1,4,False,4,1,0.14,281,0.1212,0.5,0.2537,0,4,4,2011-01-13,13012011
283,13-01-2011,1,0,1,5,False,4,1,0.14,282,0.1212,0.5,0.2985,0,3,3,2011-01-13,13012011
284,13-01-2011,1,0,1,6,False,4,1,0.12,283,0.1515,0.54,0.1343,0,28,28,2011-01-13,13012011
285,13-01-2011,1,0,1,7,False,4,1,0.12,284,0.1515,0.54,0.1343,0,72,72,2011-01-13,13012011
286,13-01-2011,1,0,1,8,False,4,1,0.14,285,0.1364,0.5,0.194,5,197,202,2011-01-13,13012011
287,13-01-2011,1,0,1,9,False,4,1,0.14,286,0.1212,0.5,0.3284,2,137,139,2011-01-13,13012011
288,13-01-2011,1,0,1,10,False,4,2,0.16,287,0.1364,0.5,0.3582,2,36,38,2011-01-13,13012011
289,13-01-2011,1,0,1,11,False,4,2,0.2,288,0.1667,0.44,0.4478,4,33,37,2011-01-13,13012011
290,13-01-2011,1,0,1,12,False,4,1,0.2,289,0.1667,0.44,0.4179,3,49,52,2011-01-13,13012011
291,13-01-2011,1,0,1,13,False,4,1,0.22,290,0.197,0.41,0.4478,2,81,83,2011-01-13,13012011
292,13-01-2011,1,0,1,14,False,4,1,0.22,291,0.197,0.41,0.3881,3,39,42,2011-01-13,13012011
293,13-01-2011,1,0,1,15,False,4,1,0.24,292,0.2121,0.38,0.2985,5,55,60,2011-01-13,13012011
294,13-01-2011,1,0,1,16,False,4,1,0.24,293,0.2121,0.38,0.3582,2,76,78,2011-01-13,13012011
295,13-01-2011,1,0,1,17,False,4,1,0.2,294,0.1818,0.4,0.2836,4,158,162,2011-01-13,13012011
296,13-01-2011,1,0,1,18,False,4,1,0.2,295,0.1818,0.4,0.3284,3,141,144,2011-01-13,13012011
297,13-01-2011,1,0,1,19,False,4,1,0.16,296,0.1515,0.47,0.2537,1,98,99,2011-01-13,13012011
298,13-01-2011,1,0,1,20,False,4,1,0.16,297,0.1515,0.47,0.2239,0,64,64,2011-01-13,13012011
299,13-01-2011,1,0,1,21,False,4,1,0.14,298,0.1212,0.46,0.2985,0,40,40,2011-01-13,13012011
300,13-01-2011,1,0,1,22,False,4,1,0.14,299,0.1212,0.46,0.3284,0,30,30,2011-01-13,13012011
301,13-01-2011,1,0,1,23,False,4,1,0.12,300,0.1364,0.5,0.194,1,14,15,2011-01-13,13012011
302,14-01-2011,1,0,1,0,False,5,1,0.12,301,0.1364,0.5,0.194,0,14,14,2011-01-14,14012011
303,14-01-2011,1,0,1,1,False,5,1,0.1,302,0.1212,0.54,0.1642,0,5,5,2011-01-14,14012011
304,14-01-2011,1,0,1,2,False,5,1,0.1,303,0.1212,0.54,0.1343,0,1,1,2011-01-14,14012011
305,14-01-2011,1,0,1,3,False,5,1,0.1,304,0.1364,0.54,0.1045,0,1,1,2011-01-14,14012011
306,14-01-2011,1,0,1,5,False,5,1,0.1,305,0.1364,0.54,0.0896,0,8,8,2011-01-14,14012011
307,14-01-2011,1,0,1,6,False,5,1,0.1,306,0.1818,0.54,0.0,0,17,17,2011-01-14,14012011
308,14-01-2011,1,0,1,7,False,5,1,0.1,307,0.1212,0.74,0.1642,0,70,70,2011-01-14,14012011
309,14-01-2011,1,0,1,8,False,5,1,0.12,308,0.1667,0.68,0.0,2,156,158,2011-01-14,14012011
310,14-01-2011,1,0,1,9,False,5,1,0.14,309,0.1515,0.69,0.1343,0,117,117,2011-01-14,14012011
311,14-01-2011,1,0,1,10,False,5,1,0.18,310,0.1818,0.55,0.194,4,40,44,2011-01-14,14012011
312,14-01-2011,1,0,1,11,False,5,1,0.18,311,0.1667,0.51,0.2836,6,47,53,2011-01-14,14012011
313,14-01-2011,1,0,1,12,False,5,1,0.2,312,0.197,0.44,0.2537,2,59,61,2011-01-14,14012011
314,14-01-2011,1,0,1,13,False,5,1,0.22,313,0.197,0.37,0.3881,4,73,77,2011-01-14,14012011
315,14-01-2011,1,0,1,14,False,5,1,0.22,314,0.2121,0.41,0.2836,5,59,64,2011-01-14,14012011
316,14-01-2011,1,0,1,15,False,5,1,0.24,315,0.2424,0.38,0.1642,9,59,68,2011-01-14,14012011
317,14-01-2011,1,0,1,16,False,5,1,0.22,316,0.2424,0.41,0.1045,3,87,90,2011-01-14,14012011
318,14-01-2011,1,0,1,17,False,5,1,0.22,317,0.2273,0.41,0.1642,4,155,159,2011-01-14,14012011
319,14-01-2011,1,0,1,18,False,5,1,0.2,318,0.2576,0.47,0.0,5,134,139,2011-01-14,14012011
320,14-01-2011,1,0,1,19,False,5,1,0.16,319,0.197,0.59,0.0896,3,89,92,2011-01-14,14012011
321,14-01-2011,1,0,1,20,False,5,1,0.18,320,0.2424,0.59,0.0,0,68,68,2011-01-14,14012011
322,14-01-2011,1,0,1,21,False,5,1,0.16,321,0.2273,0.69,0.0,4,48,52,2011-01-14,14012011
323,14-01-2011,1,0,1,22,False,5,2,0.16,322,0.2273,0.69,0.0,2,34,36,2011-01-14,14012011
324,14-01-2011,1,0,1,23,False,5,2,0.18,323,0.2424,0.55,0.0,1,26,27,2011-01-14,14012011
325,15-01-2011,1,0,1,0,False,6,1,0.18,324,0.2424,0.55,0.0,3,25,28,2011-01-15,15012011
326,15-01-2011,1,0,1,1,False,6,2,0.16,325,0.197,0.59,0.0896,2,18,20,2011-01-15,15012011
327,15-01-2011,1,0,1,2,False,6,2,0.16,326,0.197,0.59,0.0896,0,12,12,2011-01-15,15012011
328,15-01-2011,1,0,1,3,False,6,2,0.16,327,0.2273,0.59,0.0,1,7,8,2011-01-15,15012011
329,15-01-2011,1,0,1,4,False,6,2,0.16,328,0.2273,0.59,0.0,0,5,5,2011-01-15,15012011
330,15-01-2011,1,0,1,5,False,6,1,0.16,329,0.2273,0.59,0.0,0,1,1,2011-01-15,15012011
331,15-01-2011,1,0,1,6,False,6,1,0.14,330,0.1667,0.63,0.1045,1,2,3,2011-01-15,15012011
332,15-01-2011,1,0,1,7,False,6,1,0.14,331,0.2121,0.63,0.0,1,9,10,2011-01-15,15012011
333,15-01-2011,1,0,1,8,False,6,1,0.14,332,0.1515,0.63,0.1343,1,22,23,2011-01-15,15012011
334,15-01-2011,1,0,1,9,False,6,1,0.16,333,0.1818,0.64,0.1343,2,31,33,2011-01-15,15012011
335,15-01-2011,1,0,1,10,False,6,1,0.18,334,0.197,0.59,0.1642,2,57,59,2011-01-15,15012011
336,15-01-2011,1,0,1,11,False,6,1,0.2,335,0.197,0.55,0.2239,18,54,72,2011-01-15,15012011
337,15-01-2011,1,0,1,12,False,6,1,0.24,336,0.2273,0.48,0.2239,15,74,89,2011-01-15,15012011
338,15-01-2011,1,0,1,13,False,6,1,0.28,337,0.2576,0.38,0.2985,21,80,101,2011-01-15,15012011
339,15-01-2011,1,0,1,14,False,6,1,0.3,338,0.2879,0.39,0.2836,26,92,118,2011-01-15,15012011
340,15-01-2011,1,0,1,15,False,6,2,0.32,339,0.3182,0.36,0.194,21,108,129,2011-01-15,15012011
341,15-01-2011,1,0,1,16,False,6,2,0.34,340,0.3333,0.34,0.194,33,95,128,2011-01-15,15012011
342,15-01-2011,1,0,1,17,False,6,2,0.32,341,0.303,0.36,0.2836,29,54,83,2011-01-15,15012011
343,15-01-2011,1,0,1,18,False,6,2,0.3,342,0.2879,0.45,0.2537,15,69,84,2011-01-15,15012011
344,15-01-2011,1,0,1,19,False,6,2,0.32,343,0.303,0.39,0.2537,14,60,74,2011-01-15,15012011
345,15-01-2011,1,0,1,20,False,6,2,0.32,344,0.303,0.39,0.2537,6,35,41,2011-01-15,15012011
346,15-01-2011,1,0,1,21,False,6,2,0.32,345,0.303,0.39,0.2239,6,51,57,2011-01-15,15012011
347,15-01-2011,1,0,1,22,False,6,2,0.3,346,0.3182,0.42,0.1045,0,26,26,2011-01-15,15012011
348,15-01-2011,1,0,1,23,False,6,1,0.3,347,0.2879,0.45,0.2836,5,39,44,2011-01-15,15012011
349,16-01-2011,1,0,1,0,False,0,1,0.26,348,0.303,0.56,0.0,6,33,39,2011-01-16,16012011
350,16-01-2011,1,0,1,1,False,0,1,0.26,349,0.2727,0.56,0.1343,4,19,23,2011-01-16,16012011
351,16-01-2011,1,0,1,2,False,0,1,0.26,350,0.2879,0.56,0.0896,3,13,16,2011-01-16,16012011
352,16-01-2011,1,0,1,3,False,0,1,0.22,351,0.2727,0.69,0.0,9,6,15,2011-01-16,16012011
353,16-01-2011,1,0,1,4,False,0,1,0.26,352,0.2576,0.56,0.1642,0,1,1,2011-01-16,16012011
354,16-01-2011,1,0,1,5,False,0,2,0.26,353,0.2576,0.56,0.1642,1,1,2,2011-01-16,16012011
355,16-01-2011,1,0,1,6,False,0,2,0.26,354,0.2576,0.56,0.1642,0,1,1,2011-01-16,16012011
356,16-01-2011,1,0,1,7,False,0,2,0.24,355,0.2121,0.56,0.2985,0,3,3,2011-01-16,16012011
357,16-01-2011,1,0,1,8,False,0,1,0.22,356,0.2121,0.55,0.2836,0,18,18,2011-01-16,16012011
358,16-01-2011,1,0,1,9,False,0,1,0.22,357,0.2121,0.51,0.2537,3,29,32,2011-01-16,16012011
359,16-01-2011,1,0,1,10,False,0,1,0.22,358,0.2121,0.51,0.2836,8,71,79,2011-01-16,16012011
360,16-01-2011,1,0,1,11,False,0,1,0.24,359,0.2273,0.44,0.2537,23,70,93,2011-01-16,16012011
361,16-01-2011,1,0,1,12,False,0,1,0.24,360,0.2121,0.41,0.2836,29,75,104,2011-01-16,16012011
362,16-01-2011,1,0,1,13,False,0,1,0.26,361,0.2273,0.35,0.2985,23,95,118,2011-01-16,16012011
363,16-01-2011,1,0,1,14,False,0,1,0.28,362,0.2727,0.36,0.2537,22,69,91,2011-01-16,16012011
364,16-01-2011,1,0,1,15,False,0,1,0.26,363,0.2424,0.38,0.2537,35,78,113,2011-01-16,16012011
365,16-01-2011,1,0,1,16,False,0,1,0.24,364,0.2273,0.38,0.2239,22,77,99,2011-01-16,16012011
366,16-01-2011,1,0,1,17,False,0,1,0.22,365,0.2121,0.37,0.2537,23,82,105,2011-01-16,16012011
367,16-01-2011,1,0,1,18,False,0,1,0.2,366,0.2121,0.4,0.1642,11,56,67,2011-01-16,16012011
368,16-01-2011,1,0,1,19,False,0,1,0.18,367,0.197,0.47,0.1343,14,47,61,2011-01-16,16012011
369,16-01-2011,1,0,1,20,False,0,1,0.18,368,0.197,0.47,0.1642,7,50,57,2011-01-16,16012011
370,16-01-2011,1,0,1,21,False,0,1,0.18,369,0.197,0.51,0.1642,6,22,28,2011-01-16,16012011
371,16-01-2011,1,0,1,22,False,0,2,0.2,370,0.2121,0.49,0.1343,2,19,21,2011-01-16,16012011
372,16-01-2011,1,0,1,23,False,0,2,0.2,371,0.2273,0.4,0.1045,0,18,18,2011-01-16,16012011
373,17-01-2011,1,0,1,0,True,1,2,0.2,372,0.197,0.47,0.2239,1,16,17,2011-01-17,17012011
374,17-01-2011,1,0,1,1,True,1,2,0.2,373,0.197,0.44,0.194,1,15,16,2011-01-17,17012011
375,17-01-2011,1,0,1,2,True,1,2,0.18,374,0.1667,0.43,0.2537,0,8,8,2011-01-17,17012011
376,17-01-2011,1,0,1,3,True,1,2,0.18,375,0.1818,0.43,0.194,0,2,2,2011-01-17,17012011
377,17-01-2011,1,0,1,4,True,1,2,0.18,376,0.197,0.43,0.1343,1,2,3,2011-01-17,17012011
378,17-01-2011,1,0,1,5,True,1,2,0.18,377,0.197,0.43,0.1642,0,1,1,2011-01-17,17012011
379,17-01-2011,1,0,1,6,True,1,2,0.18,378,0.1818,0.43,0.194,0,5,5,2011-01-17,17012011
380,17-01-2011,1,0,1,7,True,1,2,0.16,379,0.1818,0.5,0.1343,4,9,13,2011-01-17,17012011
381,17-01-2011,1,0,1,8,True,1,2,0.16,380,0.1515,0.47,0.2239,3,30,33,2011-01-17,17012011
382,17-01-2011,1,0,1,9,True,1,2,0.16,381,0.1515,0.47,0.2239,8,39,47,2011-01-17,17012011
383,17-01-2011,1,0,1,10,True,1,2,0.16,382,0.1515,0.5,0.2537,7,50,57,2011-01-17,17012011
384,17-01-2011,1,0,1,11,True,1,2,0.16,383,0.1515,0.55,0.194,9,55,64,2011-01-17,17012011
385,17-01-2011,1,0,1,12,True,1,2,0.18,384,0.197,0.47,0.1343,10,70,80,2011-01-17,17012011
386,17-01-2011,1,0,1,13,True,1,2,0.18,385,0.197,0.47,0.1343,13,80,93,2011-01-17,17012011
387,17-01-2011,1,0,1,14,True,1,2,0.18,386,0.2121,0.43,0.1045,12,74,86,2011-01-17,17012011
388,17-01-2011,1,0,1,15,True,1,2,0.2,387,0.2121,0.47,0.1642,21,72,93,2011-01-17,17012011
389,17-01-2011,1,0,1,16,True,1,2,0.2,388,0.2121,0.47,0.1642,6,76,82,2011-01-17,17012011
390,17-01-2011,1,0,1,17,True,1,1,0.2,389,0.197,0.51,0.194,4,67,71,2011-01-17,17012011
391,17-01-2011,1,0,1,18,True,1,2,0.18,390,0.1667,0.55,0.2537,7,85,92,2011-01-17,17012011
392,17-01-2011,1,0,1,19,True,1,3,0.18,391,0.1818,0.59,0.194,2,58,60,2011-01-17,17012011
393,17-01-2011,1,0,1,20,True,1,3,0.16,392,0.1515,0.8,0.194,4,29,33,2011-01-17,17012011
394,17-01-2011,1,0,1,21,True,1,3,0.16,393,0.1515,0.8,0.194,3,24,27,2011-01-17,17012011
395,17-01-2011,1,0,1,22,True,1,3,0.14,394,0.1212,0.93,0.2537,0,13,13,2011-01-17,17012011
396,17-01-2011,1,0,1,23,True,1,3,0.16,395,0.1364,0.86,0.2836,1,3,4,2011-01-17,17012011
397,18-01-2011,1,0,1,12,False,2,2,0.2,396,0.1818,0.86,0.3284,0,3,3,2011-01-18,18012011
398,18-01-2011,1,0,1,13,False,2,2,0.2,397,0.197,0.86,0.2239,0,22,22,2011-01-18,18012011
399,18-01-2011,1,0,1,14,False,2,2,0.22,398,0.2273,0.8,0.1642,2,26,28,2011-01-18,18012011
400,18-01-2011,1,0,1,15,False,2,2,0.22,399,0.2273,0.87,0.1642,3,32,35,2011-01-18,18012011
401,18-01-2011,1,0,1,16,False,2,2,0.22,400,0.2273,0.87,0.194,0,61,61,2011-01-18,18012011
402,18-01-2011,1,0,1,17,False,2,2,0.22,401,0.2273,0.82,0.194,1,124,125,2011-01-18,18012011
403,18-01-2011,1,0,1,18,False,2,2,0.22,402,0.2273,0.8,0.1642,1,132,133,2011-01-18,18012011
404,18-01-2011,1,0,1,19,False,2,2,0.22,403,0.2273,0.8,0.1343,1,98,99,2011-01-18,18012011
405,18-01-2011,1,0,1,20,False,2,2,0.22,404,0.2727,0.87,0.0,0,83,83,2011-01-18,18012011
406,18-01-2011,1,0,1,21,False,2,2,0.22,405,0.2424,0.93,0.1045,0,41,41,2011-01-18,18012011
407,18-01-2011,1,0,1,22,False,2,2,0.22,406,0.2576,0.93,0.0896,0,33,33,2011-01-18,18012011
408,18-01-2011,1,0,1,23,False,2,2,0.22,407,0.2727,0.93,0.0,1,19,20,2011-01-18,18012011
409,19-01-2011,1,0,1,0,False,3,2,0.22,408,0.2727,0.93,0.0,0,3,3,2011-01-19,19012011
410,19-01-2011,1,0,1,1,False,3,3,0.22,409,0.2273,0.93,0.1343,1,6,7,2011-01-19,19012011
411,19-01-2011,1,0,1,2,False,3,3,0.22,410,0.2273,0.93,0.1343,0,3,3,2011-01-19,19012011
412,19-01-2011,1,0,1,4,False,3,3,0.22,411,0.2273,0.93,0.1343,1,1,2,2011-01-19,19012011
413,19-01-2011,1,0,1,5,False,3,2,0.22,412,0.2576,0.93,0.0896,0,7,7,2011-01-19,19012011
414,19-01-2011,1,0,1,6,False,3,2,0.22,413,0.2576,0.93,0.0896,0,32,32,2011-01-19,19012011
415,19-01-2011,1,0,1,7,False,3,2,0.24,414,0.2576,0.92,0.1045,1,89,90,2011-01-19,19012011
416,19-01-2011,1,0,1,8,False,3,2,0.24,415,0.2576,0.93,0.1045,1,196,197,2011-01-19,19012011
417,19-01-2011,1,0,1,9,False,3,2,0.24,416,0.2576,0.93,0.1045,2,107,109,2011-01-19,19012011
418,19-01-2011,1,0,1,10,False,3,2,0.26,417,0.2727,0.93,0.1343,1,46,47,2011-01-19,19012011
419,19-01-2011,1,0,1,11,False,3,2,0.28,418,0.303,0.87,0.0896,5,47,52,2011-01-19,19012011
420,19-01-2011,1,0,1,12,False,3,2,0.3,419,0.3182,0.81,0.0896,5,65,70,2011-01-19,19012011
421,19-01-2011,1,0,1,13,False,3,1,0.4,420,0.4091,0.62,0.2836,11,67,78,2011-01-19,19012011
422,19-01-2011,1,0,1,14,False,3,1,0.4,421,0.4091,0.58,0.2537,7,68,75,2011-01-19,19012011
423,19-01-2011,1,0,1,15,False,3,1,0.4,422,0.4091,0.54,0.2836,4,78,82,2011-01-19,19012011
424,19-01-2011,1,0,1,16,False,3,1,0.38,423,0.3939,0.58,0.3881,10,94,104,2011-01-19,19012011
425,19-01-2011,1,0,1,17,False,3,1,0.36,424,0.3333,0.57,0.3284,7,190,197,2011-01-19,19012011
426,19-01-2011,1,0,1,18,False,3,1,0.34,425,0.3182,0.61,0.2836,5,156,161,2011-01-19,19012011
427,19-01-2011,1,0,1,19,False,3,1,0.32,426,0.2879,0.57,0.4179,4,108,112,2011-01-19,19012011
428,19-01-2011,1,0,1,20,False,3,1,0.32,427,0.303,0.49,0.2985,2,74,76,2011-01-19,19012011
429,19-01-2011,1,0,1,21,False,3,1,0.32,428,0.2879,0.49,0.4179,4,55,59,2011-01-19,19012011
430,19-01-2011,1,0,1,22,False,3,1,0.3,429,0.303,0.52,0.1642,6,53,59,2011-01-19,19012011
431,19-01-2011,1,0,1,23,False,3,1,0.3,430,0.2727,0.52,0.4627,1,27,28,2011-01-19,19012011
432,20-01-2011,1,0,1,0,False,4,1,0.26,431,0.2273,0.56,0.3881,5,8,13,2011-01-20,20012011
433,20-01-2011,1,0,1,1,False,4,1,0.26,432,0.2727,0.56,0.0,2,3,5,2011-01-20,20012011
434,20-01-2011,1,0,1,2,False,4,1,0.26,433,0.2727,0.56,0.0,0,2,2,2011-01-20,20012011
435,20-01-2011,1,0,1,3,False,4,1,0.26,434,0.2576,0.56,0.1642,0,1,1,2011-01-20,20012011
436,20-01-2011,1,0,1,4,False,4,1,0.26,435,0.2576,0.56,0.1642,0,1,1,2011-01-20,20012011
437,20-01-2011,1,0,1,5,False,4,1,0.24,436,0.2273,0.6,0.2239,0,6,6,2011-01-20,20012011
438,20-01-2011,1,0,1,6,False,4,1,0.22,437,0.2121,0.6,0.2239,0,35,35,2011-01-20,20012011
439,20-01-2011,1,0,1,7,False,4,1,0.22,438,0.2121,0.55,0.2239,1,100,101,2011-01-20,20012011
440,20-01-2011,1,0,1,8,False,4,1,0.22,439,0.2121,0.55,0.2836,2,247,249,2011-01-20,20012011
441,20-01-2011,1,0,1,9,False,4,2,0.24,440,0.2273,0.52,0.2239,3,140,143,2011-01-20,20012011
442,20-01-2011,1,0,1,10,False,4,1,0.26,441,0.2273,0.48,0.2985,1,56,57,2011-01-20,20012011
443,20-01-2011,1,0,1,11,False,4,2,0.28,442,0.2727,0.45,0.1642,5,63,68,2011-01-20,20012011
444,20-01-2011,1,0,1,12,False,4,2,0.3,443,0.3333,0.42,0.0,7,77,84,2011-01-20,20012011
445,20-01-2011,1,0,1,13,False,4,2,0.28,444,0.2879,0.45,0.1045,12,86,98,2011-01-20,20012011
446,20-01-2011,1,0,1,14,False,4,2,0.3,445,0.303,0.45,0.1343,6,75,81,2011-01-20,20012011
447,20-01-2011,1,0,1,15,False,4,2,0.32,446,0.3182,0.45,0.194,8,62,70,2011-01-20,20012011
448,20-01-2011,1,0,1,16,False,4,2,0.3,447,0.303,0.49,0.1343,8,83,91,2011-01-20,20012011
449,20-01-2011,1,0,1,17,False,4,2,0.3,448,0.3182,0.49,0.1045,8,207,215,2011-01-20,20012011
450,20-01-2011,1,0,1,18,False,4,2,0.26,449,0.2576,0.56,0.194,1,184,185,2011-01-20,20012011
451,20-01-2011,1,0,1,19,False,4,1,0.26,450,0.2273,0.56,0.3284,6,146,152,2011-01-20,20012011
452,20-01-2011,1,0,1,20,False,4,2,0.26,451,0.2424,0.6,0.2836,2,124,126,2011-01-20,20012011
453,20-01-2011,1,0,1,21,False,4,2,0.24,452,0.2273,0.6,0.2537,3,54,57,2011-01-20,20012011
454,20-01-2011,1,0,1,22,False,4,2,0.24,453,0.2121,0.65,0.2836,0,56,56,2011-01-20,20012011
455,20-01-2011,1,0,1,23,False,4,2,0.24,454,0.2121,0.65,0.3284,3,28,31,2011-01-20,20012011
456,21-01-2011,1,0,1,0,False,5,2,0.24,455,0.2273,0.7,0.2537,1,20,21,2011-01-21,21012011
457,21-01-2011,1,0,1,1,False,5,2,0.24,456,0.2273,0.7,0.2537,0,6,6,2011-01-21,21012011
458,21-01-2011,1,0,1,2,False,5,3,0.24,457,0.2424,0.75,0.1642,0,2,2,2011-01-21,21012011
459,21-01-2011,1,0,1,3,False,5,3,0.22,458,0.2121,0.8,0.2985,0,1,1,2011-01-21,21012011
460,21-01-2011,1,0,1,4,False,5,2,0.22,459,0.2576,0.87,0.0896,0,1,1,2011-01-21,21012011
461,21-01-2011,1,0,1,5,False,5,1,0.24,460,0.197,0.6,0.4179,1,4,5,2011-01-21,21012011
462,21-01-2011,1,0,1,6,False,5,1,0.22,461,0.2121,0.55,0.2537,0,27,27,2011-01-21,21012011
463,21-01-2011,1,0,1,7,False,5,1,0.2,462,0.1818,0.51,0.2836,2,66,68,2011-01-21,21012011
464,21-01-2011,1,0,1,8,False,5,1,0.2,463,0.1818,0.47,0.3284,7,210,217,2011-01-21,21012011
465,21-01-2011,1,0,1,9,False,5,1,0.2,464,0.1818,0.51,0.3582,7,159,166,2011-01-21,21012011
466,21-01-2011,1,0,1,10,False,5,1,0.2,465,0.1667,0.47,0.4627,6,57,63,2011-01-21,21012011
467,21-01-2011,1,0,1,11,False,5,1,0.22,466,0.1818,0.41,0.4627,6,53,59,2011-01-21,21012011
468,21-01-2011,1,0,1,12,False,5,1,0.22,467,0.1818,0.27,0.5821,11,67,78,2011-01-21,21012011
469,21-01-2011,1,0,1,13,False,5,1,0.2,468,0.1515,0.21,0.5821,8,65,73,2011-01-21,21012011
470,21-01-2011,1,0,1,14,False,5,1,0.2,469,0.1515,0.25,0.5224,6,56,62,2011-01-21,21012011
471,21-01-2011,1,0,1,15,False,5,1,0.16,470,0.1212,0.26,0.4478,4,61,65,2011-01-21,21012011
472,21-01-2011,1,0,1,16,False,5,1,0.16,471,0.1364,0.26,0.3582,0,97,97,2011-01-21,21012011
473,21-01-2011,1,0,1,17,False,5,1,0.14,472,0.1212,0.28,0.3582,10,151,161,2011-01-21,21012011
474,21-01-2011,1,0,1,18,False,5,1,0.12,473,0.1212,0.3,0.2537,1,119,120,2011-01-21,21012011
475,21-01-2011,1,0,1,19,False,5,1,0.12,474,0.1061,0.3,0.3284,3,93,96,2011-01-21,21012011
476,21-01-2011,1,0,1,20,False,5,1,0.1,475,0.0758,0.33,0.4179,1,52,53,2011-01-21,21012011
477,21-01-2011,1,0,1,21,False,5,1,0.08,476,0.0758,0.38,0.2836,0,41,41,2011-01-21,21012011
478,21-01-2011,1,0,1,22,False,5,1,0.06,477,0.0303,0.41,0.3881,1,33,34,2011-01-21,21012011
479,21-01-2011,1,0,1,23,False,5,1,0.06,478,0.0455,0.38,0.3284,0,27,27,2011-01-21,21012011
480,22-01-2011,1,0,1,0,False,6,1,0.04,479,0.0303,0.45,0.2537,0,13,13,2011-01-22,22012011
481,22-01-2011,1,0,1,1,False,6,2,0.04,480,0.0,0.41,0.3881,3,9,12,2011-01-22,22012011
482,22-01-2011,1,0,1,2,False,6,2,0.04,481,0.0303,0.41,0.2537,0,11,11,2011-01-22,22012011
483,22-01-2011,1,0,1,3,False,6,2,0.04,482,0.0303,0.41,0.2836,1,6,7,2011-01-22,22012011
484,22-01-2011,1,0,1,4,False,6,2,0.02,483,0.0152,0.48,0.2985,0,3,3,2011-01-22,22012011
485,22-01-2011,1,0,1,6,False,6,2,0.02,484,0.0303,0.44,0.2239,0,2,2,2011-01-22,22012011
486,22-01-2011,1,0,1,7,False,6,1,0.02,485,0.0152,0.44,0.2836,0,8,8,2011-01-22,22012011
487,22-01-2011,1,0,1,8,False,6,1,0.02,486,0.0,0.44,0.3284,1,26,27,2011-01-22,22012011
488,22-01-2011,1,0,1,9,False,6,1,0.04,487,0.0303,0.41,0.2537,3,37,40,2011-01-22,22012011
489,22-01-2011,1,0,1,10,False,6,2,0.04,488,0.0606,0.41,0.1642,3,50,53,2011-01-22,22012011
490,22-01-2011,1,0,1,11,False,6,2,0.06,489,0.0758,0.38,0.1343,4,59,63,2011-01-22,22012011
491,22-01-2011,1,0,1,12,False,6,2,0.06,490,0.1061,0.38,0.1045,10,60,70,2011-01-22,22012011
492,22-01-2011,1,0,1,13,False,6,1,0.08,491,0.1667,0.35,0.0,12,72,84,2011-01-22,22012011
493,22-01-2011,1,0,1,14,False,6,1,0.1,492,0.1364,0.33,0.1045,11,64,75,2011-01-22,22012011
494,22-01-2011,1,0,1,15,False,6,1,0.12,493,0.1515,0.28,0.0,10,93,103,2011-01-22,22012011
495,22-01-2011,1,0,1,16,False,6,1,0.12,494,0.1364,0.28,0.194,11,72,83,2011-01-22,22012011
496,22-01-2011,1,0,1,17,False,6,1,0.12,495,0.197,0.28,0.0,8,59,67,2011-01-22,22012011
497,22-01-2011,1,0,1,18,False,6,1,0.08,496,0.0909,0.35,0.194,0,54,54,2011-01-22,22012011
498,22-01-2011,1,0,1,19,False,6,1,0.08,497,0.1061,0.35,0.1343,6,53,59,2011-01-22,22012011
499,22-01-2011,1,0,1,20,False,6,1,0.06,498,0.0758,0.45,0.1642,1,44,45,2011-01-22,22012011
500,22-01-2011,1,0,1,21,False,6,1,0.06,499,0.1061,0.41,0.0896,0,39,39,2011-01-22,22012011
501,22-01-2011,1,0,1,22,False,6,1,0.06,500,0.1515,0.49,0.0,7,23,30,2011-01-22,22012011
502,22-01-2011,1,0,1,23,False,6,1,0.04,501,0.0758,0.57,0.1045,2,31,33,2011-01-22,22012011
503,23-01-2011,1,0,1,0,False,0,1,0.04,502,0.0758,0.57,0.1045,2,20,22,2011-01-23,23012011
504,23-01-2011,1,0,1,1,False,0,1,0.04,503,0.0758,0.57,0.1045,1,12,13,2011-01-23,23012011
505,23-01-2011,1,0,1,2,False,0,1,0.02,504,0.0606,0.62,0.1343,3,15,18,2011-01-23,23012011
506,23-01-2011,1,0,1,3,False,0,1,0.02,505,0.0606,0.62,0.1343,1,4,5,2011-01-23,23012011
507,23-01-2011,1,0,1,5,False,0,2,0.04,506,0.0758,0.57,0.1045,0,3,3,2011-01-23,23012011
508,23-01-2011,1,0,1,6,False,0,2,0.04,507,0.0758,0.57,0.1045,0,1,1,2011-01-23,23012011
509,23-01-2011,1,0,1,7,False,0,1,0.08,508,0.1061,0.58,0.1642,1,1,2,2011-01-23,23012011
510,23-01-2011,1,0,1,8,False,0,1,0.06,509,0.0758,0.62,0.1642,2,17,19,2011-01-23,23012011
511,23-01-2011,1,0,1,9,False,0,1,0.1,510,0.0758,0.54,0.3582,3,25,28,2011-01-23,23012011
512,23-01-2011,1,0,1,10,False,0,1,0.14,511,0.1061,0.46,0.3881,7,51,58,2011-01-23,23012011
513,23-01-2011,1,0,1,11,False,0,1,0.14,512,0.1364,0.43,0.2239,22,77,99,2011-01-23,23012011
514,23-01-2011,1,0,1,12,False,0,1,0.16,513,0.1212,0.37,0.4627,24,92,116,2011-01-23,23012011
515,23-01-2011,1,0,1,13,False,0,1,0.14,514,0.1061,0.33,0.3881,12,75,87,2011-01-23,23012011
516,23-01-2011,1,0,1,14,False,0,1,0.16,515,0.1364,0.28,0.3582,17,93,110,2011-01-23,23012011
517,23-01-2011,1,0,1,15,False,0,1,0.16,516,0.1364,0.28,0.3582,13,64,77,2011-01-23,23012011
518,23-01-2011,1,0,1,16,False,0,1,0.16,517,0.1364,0.26,0.3284,9,56,65,2011-01-23,23012011
519,23-01-2011,1,0,1,17,False,0,1,0.14,518,0.1061,0.26,0.3881,5,50,55,2011-01-23,23012011
520,23-01-2011,1,0,1,18,False,0,1,0.12,519,0.1212,0.3,0.2537,5,44,49,2011-01-23,23012011
521,23-01-2011,1,0,1,19,False,0,1,0.12,520,0.1212,0.3,0.2836,5,45,50,2011-01-23,23012011
522,23-01-2011,1,0,1,20,False,0,1,0.1,521,0.1061,0.36,0.2537,4,31,35,2011-01-23,23012011
523,23-01-2011,1,0,1,21,False,0,1,0.1,522,0.1061,0.36,0.194,5,20,25,2011-01-23,23012011
524,23-01-2011,1,0,1,22,False,0,1,0.08,523,0.0909,0.38,0.194,5,23,28,2011-01-23,23012011
525,23-01-2011,1,0,1,23,False,0,1,0.06,524,0.0606,0.41,0.2239,4,17,21,2011-01-23,23012011
526,24-01-2011,1,0,1,0,False,1,1,0.06,525,0.0606,0.41,0.194,0,7,7,2011-01-24,24012011
527,24-01-2011,1,0,1,1,False,1,1,0.04,526,0.0455,0.45,0.194,0,1,1,2011-01-24,24012011
528,24-01-2011,1,0,1,3,False,1,1,0.04,527,0.0303,0.45,0.2537,0,1,1,2011-01-24,24012011
529,24-01-2011,1,0,1,4,False,1,1,0.02,528,0.0606,0.48,0.1343,0,1,1,2011-01-24,24012011
530,24-01-2011,1,0,1,5,False,1,1,0.02,529,0.0606,0.48,0.1343,0,5,5,2011-01-24,24012011
531,24-01-2011,1,0,1,6,False,1,1,0.02,530,0.0758,0.48,0.0896,0,15,15,2011-01-24,24012011
532,24-01-2011,1,0,1,7,False,1,1,0.02,531,0.1212,0.48,0.0,5,79,84,2011-01-24,24012011
533,24-01-2011,1,0,1,8,False,1,1,0.04,532,0.1364,0.49,0.0,6,171,177,2011-01-24,24012011
534,24-01-2011,1,0,1,9,False,1,1,0.06,533,0.1515,0.41,0.0,4,98,102,2011-01-24,24012011
535,24-01-2011,1,0,1,10,False,1,1,0.1,534,0.1364,0.42,0.0,6,34,40,2011-01-24,24012011
536,24-01-2011,1,0,1,11,False,1,1,0.1,535,0.1212,0.46,0.1343,3,43,46,2011-01-24,24012011
537,24-01-2011,1,0,1,12,False,1,2,0.12,536,0.1364,0.42,0.194,11,52,63,2011-01-24,24012011
538,24-01-2011,1,0,1,13,False,1,2,0.14,537,0.1364,0.43,0.2239,6,54,60,2011-01-24,24012011
539,24-01-2011,1,0,1,14,False,1,2,0.14,538,0.1364,0.46,0.2239,2,43,45,2011-01-24,24012011
540,24-01-2011,1,0,1,15,False,1,1,0.16,539,0.1667,0.4,0.1642,7,50,57,2011-01-24,24012011
541,24-01-2011,1,0,1,16,False,1,1,0.16,540,0.1515,0.47,0.2537,4,66,70,2011-01-24,24012011
542,24-01-2011,1,0,1,17,False,1,1,0.14,541,0.1212,0.5,0.2537,6,178,184,2011-01-24,24012011
543,24-01-2011,1,0,1,18,False,1,1,0.14,542,0.1364,0.59,0.194,8,145,153,2011-01-24,24012011
544,24-01-2011,1,0,1,19,False,1,1,0.14,543,0.1515,0.54,0.1642,5,101,106,2011-01-24,24012011
545,24-01-2011,1,0,1,20,False,1,1,0.14,544,0.1364,0.59,0.194,1,80,81,2011-01-24,24012011
546,24-01-2011,1,0,1,21,False,1,1,0.14,545,0.1515,0.63,0.1642,6,53,59,2011-01-24,24012011
547,24-01-2011,1,0,1,22,False,1,2,0.14,546,0.1364,0.63,0.2239,3,32,35,2011-01-24,24012011
548,24-01-2011,1,0,1,23,False,1,2,0.16,547,0.1515,0.64,0.2537,3,21,24,2011-01-24,24012011
549,25-01-2011,1,0,1,0,False,2,2,0.16,548,0.1364,0.69,0.2836,3,6,9,2011-01-25,25012011
550,25-01-2011,1,0,1,1,False,2,2,0.16,549,0.1667,0.69,0.1642,0,5,5,2011-01-25,25012011
551,25-01-2011,1,0,1,2,False,2,1,0.16,550,0.1515,0.69,0.2239,0,2,2,2011-01-25,25012011
552,25-01-2011,1,0,1,4,False,2,1,0.14,551,0.1667,0.74,0.1045,0,1,1,2011-01-25,25012011
553,25-01-2011,1,0,1,5,False,2,1,0.14,552,0.1364,0.74,0.2239,0,9,9,2011-01-25,25012011
554,25-01-2011,1,0,1,6,False,2,1,0.16,553,0.1818,0.74,0.1045,1,35,36,2011-01-25,25012011
555,25-01-2011,1,0,1,7,False,2,1,0.16,554,0.1515,0.74,0.2239,5,103,108,2011-01-25,25012011
556,25-01-2011,1,0,1,8,False,2,2,0.16,555,0.1818,0.74,0.1343,5,233,238,2011-01-25,25012011
557,25-01-2011,1,0,1,9,False,2,2,0.2,556,0.2273,0.64,0.0896,10,134,144,2011-01-25,25012011
558,25-01-2011,1,0,1,10,False,2,2,0.22,557,0.2424,0.6,0.1045,6,49,55,2011-01-25,25012011
559,25-01-2011,1,0,1,11,False,2,2,0.24,558,0.2424,0.6,0.1343,6,55,61,2011-01-25,25012011
560,25-01-2011,1,0,1,12,False,2,2,0.26,559,0.2879,0.56,0.0896,21,85,106,2011-01-25,25012011
561,25-01-2011,1,0,1,13,False,2,2,0.26,560,0.2727,0.56,0.1343,21,72,93,2011-01-25,25012011
562,25-01-2011,1,0,1,14,False,2,2,0.3,561,0.3333,0.45,0.0,11,57,68,2011-01-25,25012011
563,25-01-2011,1,0,1,15,False,2,2,0.32,562,0.3485,0.42,0.0,21,63,84,2011-01-25,25012011
564,25-01-2011,1,0,1,16,False,2,2,0.32,563,0.3485,0.42,0.0,14,102,116,2011-01-25,25012011
565,25-01-2011,1,0,1,17,False,2,1,0.3,564,0.3333,0.45,0.0,14,208,222,2011-01-25,25012011
566,25-01-2011,1,0,1,18,False,2,2,0.3,565,0.3182,0.49,0.0896,7,218,225,2011-01-25,25012011
567,25-01-2011,1,0,1,19,False,2,2,0.26,566,0.2576,0.65,0.1642,13,133,146,2011-01-25,25012011
568,25-01-2011,1,0,1,20,False,2,1,0.24,567,0.2273,0.65,0.194,16,103,119,2011-01-25,25012011
569,25-01-2011,1,0,1,21,False,2,1,0.24,568,0.2273,0.65,0.194,5,40,45,2011-01-25,25012011
570,25-01-2011,1,0,1,22,False,2,1,0.22,569,0.2273,0.64,0.1642,4,49,53,2011-01-25,25012011
571,25-01-2011,1,0,1,23,False,2,2,0.22,570,0.2273,0.64,0.1642,3,37,40,2011-01-25,25012011
572,26-01-2011,1,0,1,0,False,3,2,0.22,571,0.2273,0.69,0.1343,3,14,17,2011-01-26,26012011
573,26-01-2011,1,0,1,1,False,3,2,0.24,572,0.2424,0.65,0.1343,0,5,5,2011-01-26,26012011
574,26-01-2011,1,0,1,2,False,3,3,0.22,573,0.2273,0.69,0.194,3,7,10,2011-01-26,26012011
575,26-01-2011,1,0,1,5,False,3,3,0.2,574,0.1818,0.86,0.2836,0,1,1,2011-01-26,26012011
576,26-01-2011,1,0,1,6,False,3,3,0.2,575,0.1818,0.86,0.2836,0,8,8,2011-01-26,26012011
577,26-01-2011,1,0,1,7,False,3,3,0.22,576,0.2121,0.87,0.2985,1,29,30,2011-01-26,26012011
578,26-01-2011,1,0,1,8,False,3,3,0.22,577,0.2121,0.87,0.2985,3,69,72,2011-01-26,26012011
579,26-01-2011,1,0,1,9,False,3,3,0.22,578,0.2121,0.87,0.2985,3,55,58,2011-01-26,26012011
580,26-01-2011,1,0,1,10,False,3,3,0.22,579,0.2121,0.93,0.2836,2,26,28,2011-01-26,26012011
581,26-01-2011,1,0,1,11,False,3,3,0.22,580,0.197,0.93,0.3284,6,35,41,2011-01-26,26012011
582,26-01-2011,1,0,1,12,False,3,3,0.22,581,0.197,0.93,0.3284,7,41,48,2011-01-26,26012011
583,26-01-2011,1,0,1,13,False,3,3,0.22,582,0.197,0.93,0.3284,4,43,47,2011-01-26,26012011
584,26-01-2011,1,0,1,14,False,3,3,0.22,583,0.197,0.93,0.3582,0,36,36,2011-01-26,26012011
585,26-01-2011,1,0,1,15,False,3,3,0.22,584,0.1818,0.93,0.4627,1,42,43,2011-01-26,26012011
586,26-01-2011,1,0,1,16,False,3,4,0.22,585,0.197,0.93,0.3284,1,35,36,2011-01-26,26012011
587,26-01-2011,1,0,1,17,False,3,3,0.2,586,0.1818,0.93,0.3582,0,26,26,2011-01-26,26012011
588,27-01-2011,1,0,1,16,False,4,1,0.22,587,0.2273,0.55,0.194,1,23,24,2011-01-27,27012011
589,27-01-2011,1,0,1,17,False,4,1,0.22,588,0.2424,0.55,0.1045,2,82,84,2011-01-27,27012011
590,27-01-2011,1,0,1,18,False,4,1,0.2,589,0.2273,0.69,0.0896,3,101,104,2011-01-27,27012011
591,27-01-2011,1,0,1,19,False,4,1,0.2,590,0.2273,0.69,0.0896,3,76,79,2011-01-27,27012011
592,27-01-2011,1,0,1,20,False,4,1,0.18,591,0.2121,0.74,0.0896,4,55,59,2011-01-27,27012011
593,27-01-2011,1,0,1,21,False,4,1,0.18,592,0.2121,0.74,0.0896,2,36,38,2011-01-27,27012011
594,27-01-2011,1,0,1,22,False,4,1,0.18,593,0.2121,0.74,0.0896,0,27,27,2011-01-27,27012011
595,27-01-2011,1,0,1,23,False,4,1,0.18,594,0.197,0.8,0.1642,0,16,16,2011-01-27,27012011
596,28-01-2011,1,0,1,0,False,5,2,0.2,595,0.2121,0.75,0.1343,0,9,9,2011-01-28,28012011
597,28-01-2011,1,0,1,1,False,5,2,0.2,596,0.2121,0.75,0.1343,1,2,3,2011-01-28,28012011
598,28-01-2011,1,0,1,2,False,5,2,0.2,597,0.2121,0.75,0.1642,0,2,2,2011-01-28,28012011
599,28-01-2011,1,0,1,3,False,5,2,0.2,598,0.2273,0.75,0.1045,1,0,1,2011-01-28,28012011
600,28-01-2011,1,0,1,5,False,5,2,0.18,599,0.2121,0.8,0.1045,0,4,4,2011-01-28,28012011
601,28-01-2011,1,0,1,6,False,5,2,0.18,600,0.197,0.8,0.1343,0,16,16,2011-01-28,28012011
602,28-01-2011,1,0,1,7,False,5,2,0.16,601,0.197,0.86,0.0896,2,58,60,2011-01-28,28012011
603,28-01-2011,1,0,1,8,False,5,2,0.16,602,0.197,0.86,0.0896,2,155,157,2011-01-28,28012011
604,28-01-2011,1,0,1,9,False,5,3,0.18,603,0.2121,0.86,0.0896,6,95,101,2011-01-28,28012011
605,28-01-2011,1,0,1,10,False,5,3,0.18,604,0.2121,0.86,0.1045,0,49,49,2011-01-28,28012011
606,28-01-2011,1,0,1,11,False,5,3,0.18,605,0.2121,0.93,0.1045,0,30,30,2011-01-28,28012011
607,28-01-2011,1,0,1,12,False,5,3,0.18,606,0.2121,0.93,0.1045,1,28,29,2011-01-28,28012011
608,28-01-2011,1,0,1,13,False,5,3,0.18,607,0.2121,0.93,0.1045,0,31,31,2011-01-28,28012011
609,28-01-2011,1,0,1,14,False,5,3,0.22,608,0.2727,0.8,0.0,2,36,38,2011-01-28,28012011
610,28-01-2011,1,0,1,15,False,5,2,0.2,609,0.2576,0.86,0.0,1,40,41,2011-01-28,28012011
